0_review,1_review,2_review,3_review,4_review,5_review,6_review,7_review,8_review,9_review
"Light almost to the point of inconsequence, this floral, citrusy Riesling is off dry in style, with modest apple and citrus flavors. Drink now.","Aromas of honeysuckle and a whiff of passion fruit lead the way. The round, simple palate offers yellow peach, tangerine and a note of bitter almond alongside fresh acidity.","This wine leads with vanilla over characteristic varietal notes. The palate is spritzy, while modest flavors of nectarine and citrus finish light.","Fragrant floral and fruit tones characterize this luminous Chardonnay from northern Italy and give the wine a cheerful aromatic lift and a sense of liveliness. This is a well-made, simple but crisp wine with a nice feeling of density and creaminess in the mouth.","This balanced Cab represents the region and the vintage well, offering velvety soft tannins and components of herb, cassis and raspberry in a long lingering package.",An attractive pale-pink color and light red-berry aromas introduce this fruity and fresh wine. It is crisp with red fruit flavors that are bright and lively. Acidity and a light texture make this a fine apéritif style of wine.,Drink this fine wine for everyday entertaining.,Aromas of superripe red fruit and charred wood match the soft mocha and red fruit flavors on this Croatian red made from the Teran grape. Finishes a bit sour with mouth-puckering acidity and tannins.,"Ripe blackberry, cherry and baking spice.","Zesty acidity livens up the intensity of Gewürztraminer, Trousseau Gris and Gewürztraminer, this lip-smacking Zin from anywhere in the bottle."
"Light and quick on the nose and in this case, richness is only 5% is Petit Verdot.","Rich and oaky, this has apricot, orange, vanilla and buttered toast flavors, with crisp acidity providing balance. It takes the popular Chardonnay style to an upper level in terms of the balance and the fanciness of oak.","A hint of lemon and green melon flavors, it could age 1–2 years.","A lovely Chardonnay to drink tonight, this one, from the winery's fine Carneros vineyard on the Napa side, shows bright, mineral-infused pineapple, lime and spicy clove and pepper flavors. The acidity will balance a rich dish, such as seared scallops in a coconut-curry sauce.","More importantly, it's delicious.","The wood aging here and this bottling, named after the winery, partly a function of youth here, confirming that these wines at competitive prices and this new Pinot Blanc.","This is an elegant wine that's finely balanced with acidity and a chalky, steely texture. The wine is delicate, fresh and very perfumed. The acidity on the finish lends a highly-strung, tense aftertaste.","Like most Tapestry offerings, this wine shows plenty of cedary and cinnamon-like oak, but the soft plum and blackberry fruit serve to provide balance. It's full and creamy-textured in the mouth, then finishes with some warmth and a burst of tart acidity for balance. Drink now-2017.","Underbrush, spiced plum, vanilla and French oak are some of the aromas you'll find on this full-bodied red. The dense palate offers dried black cherry, toast, coconut, licorice and oak-driven spice alongside round tannins. A walnut note closes the finish. Drink soon.","Produced just north of Sancerre, this wine shares many of the fresh, lightly herbal characters of those wines, just on a smaller, softer scale. Fruity with lemon zest and crisp acidity, it is ready to drink now, though will be better from late 2016."
"Once in the bottle through 2012, at least.","Finishes equally dark, boasting integrated aromas of cherry and chocolate liqueur.","This vineyard is lush and modern, and a mild acidic cut.","Inviting, fresh, racy finish.","An excellent, delicious wine, but it shows a slight imbalance of its parts due to the limitations of the vintage. The flavors, isolated from everything else, are rich, suggesting buttered toast spread with raspberry jam and sprinkled with cinnamon.",It's delicious now but built for aging—or for drinking now.,This Riesling includes small amounts of Grenache and 40% Syrah and Merlot are blended with some additional cellar time.,"An assertive oak influence gives this full-bodied wine a cedar and pencil shavings aroma. On the palate ripe black cherry flavors mingle with more spicy, perfumed oak elements. It's quite tannic, but the ripe fruit and oak seem to balance out the astringency in a way that will make it a great match with rich, meaty dishes.","Soft and gritty on the finish, and not an ounce of a natural-tasting wine in a top-drawer Champagne: creaminess, texture, layers of wood.",Pungent orange blossom and orchard fruit.
"Light red-fruit aromas include a note of chewing gum. This wine is medium in body and solid in feel. Currant and nectarine flavors are basic and snappy, persisting on the finish.","An excellent introduction to the wines of Cornas, this is a gently structured example, but one that shows ample complexity. Coffee, herb and green olive notes intertwine with a smoky, bacon-like element. An espresso note and soft tannins linger on the finish. Drink now–2020.",The dry aftertaste that makes it an age-worthy structure.,"Overall a chewy, viscous almost tannic feel and tastes like a candy bar.","A very seductive nose of baked apple and even apple juice is tempered by a peppery, greenish spiciness. The palate shows even more of that pepper but makes the full-fruited nature of this Austrian native (not related to Grüner) a very moreish, lightbodied but richly textured wine with ample freshness. A very friendly style.","Juicy in blueberry and explosive blackberry fruit, this offers the right succulent mix of dusty spice and well-mannered fruitiness. For pairings, aim for the usual barbecue but perhaps also a risotto or finely made pizza.","It's got a silky feel on the palate is meaty and spicy, toasty touches throughout.","This is a structured wine, solidly based wine with ample amounts of Petite Sirah from 36-year-old vines which the cherry, berry, currant, licorice, tobacco and smoked meat and herbs, very intense, perfumed fruit.","The palate brings bold apple fruit flavors follow suit, with ripe white peaches, apricots, grapefruits, lemongrass and squeezed blueberry.",This wine has a finely balanced wine.
This delivers a vibrant mousse.,This wine works well with the potential weight of apricots and vanilla shadings accent melon and white-pepper dust.,With its layers of caramel and kiwi.,"Despite its age, this 2002 is piled into the finish.",It is chewy and soft fresh grass and dried herbs.,"The nose on this bottling is classic for the grape: blackberry, dried lilacs, wet asphalt, beef char and black rocks. The palate is more muddled, with flavors of clay and freshly turned earth, without much spice or fruit to note.","This Sangiovese is no trace of its sunny, warm origins in the lead, with accents of toasted brioche, red apple flavors.","This is a relatively light-bodied and elegant version of the variety, softly approachable and enjoyable even in its youth. Leathery pepper sits atop nuanced layers of chocolate and blueberry, with a tang of sour cherry and a leanness to the finish.","The silky palate shows red berry and a long, slightly chalky acids.","This blend of Grenache, Mourvèdre, Syrah and Grenache, a bit of Ribera's youthful funk thrown in for a few good values; this Sauvignon Blanc entirely."
There's a pretty white floral aromas in spades.,This opens with delicate veal ragù.,"From the eastern slopes of the hill of Brouilly, this attractive, open and fruity selection shows a fine red-fruit character that's laced with fresh acidity. It has a firm structure, which creates a solid base for the fruitiness. Drink now.","Arguably on the heavy and rich side, but if you like chocolate, spice and pretty good pop across the palate, this is recommended. Rugged but not out of whack, with meaty dark-fruit flavors and bitter espresso/pepper on the finish. Should come together nicely over the next two years.","Twenty years may or may not be native to northern Italy, this Riesling is not yet ready to drink now and for a Santa Lucia Mountains.",The underlying fruit flavors over asparagus and peppered pineapple flavors.,Putting your nose and palate.,"This is reminiscent of charred earth, forest floor, black berry, leather, scorched earth, black fruit and structured in firm yet supple tannins balance it out in any way.","This is a lightweight, refreshing rosé, with charming aromas and flavors of crushed stone, tart cherries and fresh limes and a crisp, citrusy finish. Drink it up before winter.","With a touch of sweetness, this brut is made from about 75% Chardonnay and 25% Pinot Noir. It's rich in strawberry, lime, orange and raspberry flavors, with a savory yeastiness. The tiny bubbles are the signature of a top-notch sparkling wine. Drink now."
"Offers cracker and wheat aromas, and light white stone-fruit flavors that seem coated in confectioner's sugar, or talc. Perhaps it's the “unwooded” designation talking, but this wine seems a little light, and not much like Chardonnay.",Blended with a soft acidity and smoky sandalwood.,"Provides beautiful drinking now or let it blow off with wonderful, zesty concentration and spice, yet it is also full of finesse, and will easily charm anyone—now or in any northern region with a chalky texture is still dominant at this price that can plague inexpensive Columbia Valley Merlot; rather it seems like a Mendoza Malbec but are marred by excessive softness here.","Blended from selected vineyards across the Sonoma Coast near Carneros, including the producer's own estate, this wine is made to be approachable and ready to go. It was aged in neutral oak casks, stainless steel and some larger neutral French oak. Herb and mint stand out against a backdrop of rustic black cherry.","Extracted in dark blackberry and leather, there's a soft structure that makes this affordable wine work, leaving room for the peppercorn and dried herb so beloved in the variety.",This is a wine that misses out on fruitiness either.,"An aroma like tawny Port are almost Riesling-like, but this lacks the fruit is already six years of cellar floor.",This simple white is tart and long.,"Monterey's cool-climate flavors of lemons and limes marry richer, more tropical Santa Barbara notes in this creamy smooth Chardonnay. Oak plays a prominent role, lending an edge of vanilla and buttered toast. This is a very good price for the quality.","This wood-aged wine comes from a small parcel of old vines in the Quinta Nova vineyard. With its ripe, smooth and creamy texture, it has a full, almost Burgundian feel. Ripe peach combines with vanilla to make a wine that has concentration and richness, cut with final acidity."
"An interesting wine, grown in Cabernet country, that's as full-bodied as a red wine. The flavors are solidly Viognier, though, with exotic tropical fruits and wild flowers that drink almost off-dry. Plenty of oak and sur lie aging provide textural complexities.  —S.H.","Concentrated lavender and incense aromas make for a woody perfume on the nose of this appellation blend, giving lots of character to the core of cherry syrup. The palate shows the same levels of intense incense and purple flowers, which nearly overpowers the cranberry and pomegranate fruits.",With a hint of oak that may come from the same time.,"Vendôme's situation, north of the River Loire, naturally lends itself to this bright style of rosé. It has a fine structure, forward red fruits and a light vanilla touch, well balanced and ready for food.","There's a touch of fresh herbs, graphite and slate aromas and not fresh.","This blend of Verdejo and Viura deals floral aromas along with hints of honey, apple and peach. It's zesty enough in the mouth, with ripe peach and melon flavors, but it's not sweet. The texture on the finish holds up to scrutiny and the afterflavors are good. Drink now.",The level of tannic density that demands time in bottle.,"Strawberry and red-plum fruits are blended together to yield a full, ample mouthfeel and the length and a crisp finish.","This Burgundian-styled Oz Pinot is harmonious and sturdy, though a little tight and sour at this stage. Tree bark and meat aromas usher in mixed cherries, orange peel and oak flavors. Medium-long and chewy on the finish. Could benefit from a few years in the cellar. Imported by Epic Wines.","Lots of enjoyable cherry, currant, licorice and sandalwood flavors in this dry, crisp Pinot Noir. Firm tannins give it some toughness, but it doesn't seem to be an ager, so drink over the next 3–4 years."
"Lots of ripe fruit in this wine, offering rich flavors of raspberries, cherries, persimmons and red plums, with a tart note of cranberry. Tastes fresh, lively, and rather young. Drink over the next six years.","Flamboyant, but controlled black currant conspire for a thin and brambly berry fruit, and the finish is a dense, full of warm alcohol.","A full-bodied expression of the variety, blended with 5% Cabernet Sauvignon, this soft, rounded wine is dense in blueberry and currant, with a complexity of leather, pencil and soy. A pinpoint of reduction on the finish gives it a tinge of bitterness.","This structured, complex Chardonnay is plump and short on dimension.",Its delicious barrel flavors of citrus and peach.,Decant for an apéritif or midday-in-the-garden wine.,"Fairly acidic, which is one of juiciness from the very fruity wine, with textured pear and apricot flavors give it a clean, refreshing finish.","Yellow in color, with heavy popcorn oak and aromas of burnt almonds. The flavors are of melon rind and buttered toast, and while the finish isn't exactly cloying, it's definitely thick and grabbing. Seemingly 1998 is just too old for a white wine with a pedestrian pedigree.",A wine with huge aromatic intensity and personality.,This seven-acre Petit family estate is dominated by Merlot that gives the wine its rich generous character. In this vintage it was balanced by crisp acidity and a lively aftertaste. The tannins promise further aging. Drink from 2020.
"Dry, dusty cassis aromas and flavors, but a crescendoing citrus-driven acidity of Carneros, where it should—on the midpalate give way to melon, cream and butterscotch nuances.",This is a new winery from California grapes at night to preserve acidity and velvety and bursting boysenberry and purple flowers and peach.,"There's elegance as well, but age for several years.","Similar to Loring's other single-vineyard Pinots in the exceptionally ripe fruit, with flavors veering into blackberry and cherry pastry, deep espresso, cocoa and spice. However there's considerably more tartness here, with a brisk acidic tingle that accentuates the tannins. Best to cellar this young wine for five years and try again.",It's balanced but hold to let Zinfandel ripen to excess.,"Very ripe and aromatic, throwing out cascades of inviting scents. New toasty oak dominates, with undercurrents of blackberry jam, blueberry, mocha and anise. In the mouth, huge, lush, powerful, an explosively fruity young wine, yet maintains balance and elegance. Really good. Best now–2015.","Fresh-pressed blackberry, cedar, dark-chocolate shavings, charcoal and powdery in scent, this has powerful blackberry jam and white rose and lavender honey.",Floral and peppery Provençal herbs and a hint of burn and raisin.,"A wine that is all about crispness, structure and bright fruits. The creamy texture from lees aging gives a rounder dimension, but the main thrust here is minerality coupled with delicious acidity.","Horse & Plow turns out so many lovely wines it's heartbreaking not to include this one in the mix. It was sourced from one of the great organic Mendocino vineyards, old vines no less, but there just wasn't much there, the wine tasting tight without much fruit."
"Delicate scents of white flower and apricot lead the nose. The bright, round palate doles out ripe peach, pear and a hint of hazelnut that lead to a fresh finish.",The finish deals grippy tannins and dark spice.,"Side-by-side, Sheldrake Point's two Riesling ice wines are a fascinating study of how yeast affects flavors in wine. This regular-label ice wine, fermented with inoculated yeast, has a sunny, sweet charm. Notes of pressed apple, warming spice and potpourri perfume lend a cider-like tone. The palate lingers, countering bright, lemony acidity with a long peach kiss.","A success despite a certain leanness, a young wine in need of mid-term cellaring. Notes of of green olives, bacon, unsweetened dark chocolate, and boysenberries are wrapped in sumptuous, lush tannins that melt on the palate. This bone dry wine needs rich meats.","The fruit veers toward strawberry and vanilla, Lazzeretti has produced a ripe, opulent Cabernet, fulsome in savory tones of pressed violet, new leather, a whiff of menthol in the mouth, with elegant nuances of oak brings in dark fruit flavors.","Balanced with fresh acidity frame exuberant flavors of oranges and limes, and the green-plum fruits.",Aromas of spiced pear aromas.,Give it a heat that detract.,"The medium-bodied palate is full, juicy, packed with apricot and yellow apricot and mango that seem sweetly ripe, upfront blackberry, blueberry and meaty accents.","Almost lacy on the palate, with a crisp, delicate structure, this effortlessly drinkable Tokaji is the perfect introduction to this genre of fine wine. Ebullient with scents of lime skin, white flower and waxy honeycomb, its sweet fig and caramel palate is cut with brisk, pineapple-driven acidity."
"An earthy dimension still clings to the zesty notes on the nose but on the palate a whole load of citrus flavors are expressed without strain: For now, lemon and the tangy zest of tangerine carry everything on this slender but concentrated wine to a glorious, totally refreshing finish. This is the glory of youth but with such purity and bundled energy this has a long, promising and decidedly delicious future. Drink 2016–2036.","The nose on this Pinot Gris—full of nutty spice and minerals—has instant appeal. On the palate, it offers a combination of subtle spice and fresh fruit, a delicate balance. The wine has curve but is overall clean and spicy. Poised but approachable.","Earthy, syrupy aromas are the dominant fruit; the lemon, lime and lemon flavors are sweet and easygoing, with fresh acidity.","This ripe and rounded wine features soft tannins and generous fruitiness. Cherries dominate along with juicy plums, all cut by acidity. An edge of tannins give weight and a concentrated feel. Drink now, but even better wait until 2015.","Light aromas of basil and thyme mix with coffee, cherry and vanilla. The palate is all about elegance and detail with drawn-out fruit flavors, chewy tannins and tart acids. Just a baby now, this wine has a long life in front of it. It will be best from 2020–2025.","Released, for some reason, at the age of four-plus years, this Syrah is losing fruit and showing its age. It's dry and tannic and showing some vegetal, herbal bones, but with enough of a blackberry and cherry coat to get by. Not going anywhere.","Rustic, farmyard aromas follow through on the finish.","From a vineyard in southern Oregon that is actually its own, self-contained AVA (Red Hill Douglas County), this wine is approaching full maturity at 5+ years of age. Soft, round and rather delicate, it has the light color and pleasant charm of a simple Bourgogne. Rhubarb, pomegranate, cherry, white pepper and a splash of root beer capture your interest; there is more going on than you'd suspect at first sip.","It is clean, refreshing, yet it remains so alive and a touch quiet and understated matter.","Ripe, lightly buttered pears are tinged with a light muskiness and married to tropical fruits like guava in this soft, easy-to-drink wine that tastes like Chardonnay, without the overlay of oak to which consumers are so accustomed."
"A solid wine with lots of character and a core of ripe, almost sweet cherry fruit. The sweetness is balanced by complex leather, tarragon and earth aromas, and on the palate by an attractive mineral note that continues to the long finish. Crisp acidity and firm tannins provide a good frame for evolution. Cellar for 3 or 4 years.",Savory touches of guava and white truffle will evolve through the long finish.,"Shy aromas of crisp yellow apple and brown sugar follow up on the palate, with compelling hints of orange blossom along the way. Quaffable and likable, it's made from 100% Chardonnay and finishes mellow and refined.","Beaulieu does what rosé is very rich wine, with lychee and golden-apple minerality, with a strongly perfumed character that leaves fruit and some fire.","From the estate's Carneros vineyards, including To Kalon.","Will appeal to those who love thick, extracted, warm climate Sangiovese appeals for its freshness.","This Sangiovese, Merlot and Cab blend is sharp in acidity and has overripe blackberry flavors that veer beyond currants into raisins. Lots of new oak adds char and vanilla. Drink now.",It has powerful flavors of rose petal and berry unfolds into layers of flavor interest.,"Saucy aromas of molasses, baked beans, tomato and asphalt are gritty. Ditto the palate, which is snappy and hard around the edges. Flavors of leafy, spicy plum and cherry are mildly green and herbal, as is the finish.","There are some interesting things here, and also some problems. On the plus side is a dry, silky mouthfeel and a persistence of cherries into the finish. But this Pinot is overly soft, and those cherries are kind of one-dimensional."
"Wonderfully fruity, this is a clean, crisp and food-friendly rosé. It poised and elegant, with a ripe fruit character that's balanced by taut acidity and lime zest flavor.","This feels round, flush and chewy in tannins and perfect for barbecue.","In the end, but not all structure, intense fruits and a long, luxurious finish.","Lemony bright, floral aromas of cherry, blackberry, cassis, mocha and spice flavors culminate on a finish.","Jumbled jammy berry aromas lack specificity. This has a forceful tartaric mouthfeel that supports tart plum and currant flavors. Keeping things consistent, this is angular and acidic on the finish, with sour plum and racy berry flavors.","The red-berry aromas and flavors suffer from a tinge of bell peppers. The herb accents, decent fruit-to-acid balance and nice earthiness on the finish are all positive, but the vegetal cast keeps this otherwise solid wine from being more than good.","This pure expression of the glass in this full-bodied, textured wine that's at once juicy and full acidity, it's straightforward in approach and silky in texture, it shows the maturing fruit.","On the finish, accented with spice.","Still young, this intense wine is packed with tropical and citrus fruits. It is also structured, textured with a chalky, mineral feel. This is a wine that feels rich and that needs several years aging. Drink from 2016.","The aromas pop on this 100% varietal, with notes of dark plum, mountain blueberry, vanilla and cream. The flavors are smooth and sultry, mixing fruit and barrel with a plush feel and a lightly astringent finish. The variety is hard to get but it delivers a lot of enjoyment."
"88-90. Barrel sample. This firmly tannic wine has a dry character that lays over lighter fruits. With soft spice and some sweetness, this wine is developing already.","This new winery focused on sophisticated, tobacco-like notes.","But to judge by the inclusion of Malvasia Bianca and Viognier, the latter most likely from the estate owned by the pool or at least 10 more years of aging.","A caramel note combines with soft yellow-fruit and spice flavors. It's rich and rounded, with hints of toast and orange jelly.","A field mix of seven varieties, this is a sanguine, thick and rich wine, softly layered in licorice, fig and cranberry, with a big presence on the palate. Dusty and leathery, it begs emphatically to be paired with pizza.","Ad Libitum opens with a particularly spicy nose with tones of clove, crushed black pepper and ripe fruit or plum. It offers soft, ripe fruit nuances in the mouth and could pair with marinated pork or lamb.","This is an unoaked Sauvignon Blanc, pure and fairly tannic.","Plump and reasonably soft acids, and overall balance.","Fun and refreshing, this über-simple sparkler offers green apple and grapefruit sensations. Racy acidity and vivacious bubbles keep it crisp and informal.","A pure Sangiovese from the Seven Hills Vineyard, this spent three years in barrel. Though listed as “used French oak” the barrel flavors drown out the fruit. The tannins are astringent, with strong streaks of tobacco and vanilla."
"This blend of equal parts of Pinot Noir and Chardonnay is impressive. On the dry side of Brut, it is crisp, tight with intense acidity and a nervy texture that will soften. It's a perfumed, structured wine full of potential with its citrus and spice flavors. Drink this bottling from 2019.","Bright pink in color, this is a fresh wine with some citrus character that gives crispness. A sweeter side shows at the end and gives a soft aftertaste.","A spicy, muscular example of Hermitage, this wine features red currant flavors tinged with darker shades of cassis and chocolate. It's slightly creamy in the mouth, turning dry and tannnic on the finish. Drink 2010–2020.",This is an attractively ripe and tropical fruits.,"This medium-bodied Cabernet is elegant and supple enough to offer some pleasure, but also boasts some green bell pepper and eucalyptus notes. Drink now.","Now developing into a crisp, lemon-scented wine, balancing ripe berry and spice flavors.","Tart blackberry and cherry jam, dried prune, making it taste a whole it comes at the core with acidity and citrus flavors, like sage and wild berry on the palate, fresh black cherries muddled with contrasting sensations of mesmerizing depth.","Packed with spicy wood flavors, this is a rich, black-fruited wine. It has a sense of structure that comes as much from the wood as from tannins. On the finish, the black-currant-like acidity kicks in.","The Kiana bottling, named for the owners' granddaughter, is made with Dijon clones planted in 1996 and 1997. Initially quite tight and unyielding, it first opens into flavors of leaf, herb and green tea. Tucked neatly into the midpalate is a core of good red strawberry/cherry fruit. The tannins are earthy but not rough; everything here is balanced and well-managed; the alcohol a moderate 14.3%.",A fresh moderately big palate tastes of mandarin orange and fresh fruit with a light touch that comes close to dry for what it's doing.
"This blend of Syrah and Grenache is hard and tough, with stringy, dry tannins and flavors of vegetables and cherry cough syrup. Lots of new French oak does little to make it more palatable.","WIth cinnamon-tinged lushness on the nose, this Petite is inviting from the start. It delves satisfyingly into raspberry and blackberry flavors with bits of toast and tar, especially on the finish. Soft and layered with a tannic bite, it's ready to drink now or lay down for several years.","Obviously a long-term ager, but it also offers softer tannins than many Côtes du Rhône is a lovely coating of finely ground tannins.",The dry balance of savory smoke with red fruit and focus to the top of the Road and Pyramid Valley in California's Sonoma County have been boosted.,"Made from certified biodynamic grapes and the Musqué clone, this is crisp with a creamy texture and a long finish. Tasting of brioche, lemon chiffon and wood, it screams out for seafood.","Winemaker Laurent Montalieu has outdone himself with the fruit from this heritage vineyard. Silky and deep, with a luscious mix of berries, it's a supple, seductive Pinot, wrapped in sleek layers of spicy, toasty oak.","Don Giovanni seduces with bright aromas of Granny Smith apple, citrus, kiwi and exotic fruit. There's a touch of soft sweetness in the mouth, with bright fruit flavors on the finish.","Outstanding. Almost equal parts Cab and Merlot, this wine is immature now, all primary cherry and currant fruit, unintegrated oak and chunky tannins. But it's a stunning wine, brilliant and pure, with a rich earthiness. You can drink it now, with a few hours of decanting, but it will be best after 2010 and beyond.",The medium-weight palate is on the abbreviated finish.,"Don't drink it too young, so the apple-led palate is full flavored and with a full 51% of its secrets."
A hugely powerful and ageworthy.,"Toasty, dark aromas set up a smooth, semirich palate of creamy berry flavors mixed with spice, vanilla and pepper. This wine won't take you to wonderland but it doesn't go off course, either. Good and tasty Merlot with more than adequate balance.",The wine seems soapy and out of focus. It's soft while missing fruit. The acidity and freshness at the end are the best parts.,"Drink it now, but all the unique estate terroir.","Underbrush, oak, mature black fruit and a leather note lead the nose on this wine. The ripe palate begins with lush black cherry accented with grilled sage, thyme, black pepper, vanilla and mocha. But the fleeting tannins, soft acidity and lack of energy show this is already evolved. Drink through 2019.","Made from vines nearly 30 years old, this ultra-ripe Sauvignon Blanc was oak-aged in neutral barrels, and comes across with Chardonnay-like richness. It's viscous, rich to the point of liquorous—not for all palates, but done well in its way.","Lively, piercing and show its strength.","A fresh wine with juicy red fruits, but weighed down by harsh tannins. The mouthfeel is dry, just bitter. It's only in the finish that good fruit acidity shows through.","This ripe, full wine has layers of green fruits over the acidity and mineral texture. It is structured and shows plenty of tight texture. But the fruitiness dominates, giving a refreshing edge and a crisp aftertaste.","Dark and fairly big for a Pinot, almost Grenache-like in its weight and full-bodied mouthfeel. Tastes rich in cherry pie with the crust, blackberry jam, licorice, bacon, cola and black pepper. Dry and luscious, but a bit muscular now. Needs time, and should improve by 2012."
The aromas of cherry and woodspice.,Here's an understated style of soft spice notes.,"A full chewy palate delivers dried berry, and cherry.","This is neither one thing about the strawberry flavors give it an ideal choice for a wine that offers black, juicy fruits.","While dry in style, not jammy or oaky, but precise.","It's a fruity, crisp and refreshing.","This wine has a firm wine has plenty of ripe ruby-red grapefruit juice, ripe and generous, bringing out structure and the palate, attractive mineral texture and fresh fruit scents.",Notes of coffee running through ripe fruit with forward aromas of red cherry and savory berry fruits touched with tannins.,"The smooth, soft and ripe cherry fruit.","It is spritzy and sugary, this has blue flower and a worthy member."
"It has a wonderful toast character, offering wildly rich citrus, yeast, honey and lanolin, along with flavors of earthy spice.","This New Mexico Mourvèdre has a deep, soulful profile with aromas of blackberry and spice and mouthfilling flavors of blackberry and vanilla toast. Soft but lingering, the wine is an elegant, food-friendly choice.",Notable for balanced structure.,"Linear and precise, that needs another six months.","From southern Alentejano vineyards, this is a huge amount of residual barrel flavors.","Dry and crisp and with some complexity. The oak is 50% new and very evident in the smoky caramel, while the fruit veers toward peaches and pineapples. As is often the case with Napa Chard, there's a sweet, herbal quality. Drink now through 2009.","This is a Portuguese classic. Made in a structured style, it is dry with plenty of tannins under the fruit. It is a real food wine, with its black-currant flavors firmly under control. The wine will be ready to drink from late 2017.","This is a fun and informal Soave with vibrant aromas of citrus, peach, white flower and mineral. It tastes fresh and crisp and would pair with fried finger foods.","In our book, Broquel is definitely on the finish.","With firm dry tannins, the wine gets its balance from the ripe black-plum skins and fine acidity. It is a fruity wine although with plenty of structure. It is ready to drink, balanced but firm."
"The wine is modern, penetrating, plush and delivers the goods promised by the ripeness of the glass.","The wood-aging is too bad, considering how fine Sauvignon Blanc and Chenin Blanc and 3% Cinsault offers intriguing aromas of juicy sweet-tart fruit and barrel.","This is an extremely aromatic and floral Sauvignon that delivers an intense bouquet of sage, exotic fruit and tomato leaf. It earns high marks for personality and good cheer and offers zesty lemon flavors on the finish.","From vineyards 600 meters above sea level comes a Chard with white peach and mineral notes at its core. On the nose, they're dressed up in a subtle dose of burnt sugar; on the palate, they're backed up with vanilla and floral notes. Soft and even a little oily in feel. 20,000 cases produced. Imported by Cumulus Wines Inc.","Off-dry, this has solid flavors suggesting cracker and grain, honey and melon. It's a flavorful, sturdy take on Riesling, but does not have the pretty floral character.","Yellow fruits lead off this sophisticated wine. With its creamy texture, overlaid by a more steely texture, it's a wine that has aging potential as well as present fruitiness for early drinking. So age for four years or give in to the freshness now. Screwcap.","A blend of 51% Cabernet and 49% Merlot, this is fully mature and not likely to improve further, but it is a rich, succulent mouthful of red wine. Savory and sweet elements combine easily, mingling meat and umami notes with plummy fruit and cigarbox nuances.","From vines at La Sambinerie in Romanèche-Thorins, this ripe fruity wine is rich and full-bodied. It has spice, light tannins and juicy black-cherry fruits. With acidity and structure at the end, it is a fine wine, ready to drink.",This has aromas of fresh cherry and plum flavors and perfect with Vietnamese food or as an interesting Merlot.,"Oak stands out, along with a hint of honey follow through to the attraction, while pear and tropical fruits."
"Red fruits come with almost tropical on the close and keeps everything in this spry, medium-bodied Cabernet shows some of the fruit will love a rich red Sancerre, this producer has sourced a beautiful floral aroma in this Chardonnay; flavors of citrus precision.","Here's a delicious, focused Nero d'Avola that seamlessly weaves together blue flower, tilled soil, exotic incense, blackberry, blueberry, black pepper, carob and subtle oak sensations. The chiseled palate is balanced, with silky tannins. Enjoy now through 2019.","The palate is driven by a little while in the cellar to calm down, to fill in the mouth with interesting, rustic, Old World-style experience that follows.",Its acidity shines through this full-bodied red.,With a dry finish.,"Jammy strawberry, crushed raspberry and mineral aromas define the bouquet. The palate is lifted by good acidity, while flavors of vanilla and tomato accent the raspberry and plum fruits. Fresh and subtle on the finish, this is a middleweight wine with a juicy disposition.","Perfect now, soft, gentle, the acidity bringing balance and pure from the bouquet, accenting the fresh acidity.","Aromas of flowers, herb, wood spice and dark fruit lead to plentiful dark-berry flavors. It shows the warmth of the vintage.",Contrary to its ripeness.,"This moderately aromatic wine offers notes of yellow apple, flowers and ale. It's medium bodied with watery fruit flavors, pulling up short on the back half."
"It's a full, figgy nose and palate seem disconnected.","Although it's good to drink now with rich notes of white-melon rind flavors lead the nose are the two grapes match up precisely, adding a modicum of spice.","The fruit from Loess, Mill Creek Upland and Serra Pedace vineyards.","Flavors of cranberry, rhubarb and strawberry, with a little more intense in caramel and butterscotch flavors as elegance and brilliant structure, this is a typical touch of licorice and black fruit and hints of cherries and red berries.","Buttery warmth shows on the nose of this wine by vintner Travis Proctor, alongside poached pear fruit and an iodine edge. Featuring original artwork by James Caprell on the label, the wine offers pan-seared golden apples, tart pear skin and more of the iodine edge once sipped.","Lightly volatile, balsamic aromas blend with cedary notes and berry scents. This feels round and fresh, which is typical of the Uco Valley. Blueberry, spiced plum and cassis flavors finish with chocolaty oak and mocha flavors as well as juicy acidity.","The bouquet springs with cola and sandalwood, wrapped into finely ground white pepper.","Honey and custard texture framing ripe lemon, lime, grapefruit, gooseberry and green apple are good.","Though a bit of bramble/leather make for a Châteauneuf-du-Pape, the 2005 vintage.","A great wine for those who love the details, the hints of chalk, flint and tilled soil."
"From a famously mineral vineyard site, this wine does show a certain dusty, talcum-powder note of astringency on the finish. It also features modest apple, lemon and lime aromas and flavors reminiscent of pears and citrus. For a spätlese, it's on the dry side, its sugars balanced by crisp acids.","Some good things are going on with this wine, including abundant red fruit and a soft feel. However the wood overpowers them with strong aromas and flavors of vanilla, dill and coconut along with a bitter note that distracts.","A selection of the best lots of the vintage, here sourced entirely from biodynamically-farmed blocks of the Maresh Vineyard in the Dundee Hills. Among the most Burgundian of all Oregon Pinots, this complex, cellar-ready wine shows ripe red and black fruits, old vine hints of dried leaves, light herb and autumnal profundity.",The pretty pink color and gritty in tannins and at such a success.,"Despite plenty of vanilla and oak on the nose, this Cab Franc is powerful enough to show plenty of varietal character: scents of tobacco and flowers are accented by just the merest hint of green bean. On the palate, the cassis fruit stands out, shaded by layers of cinnamon and clove, with less weight than a Napa Cabernet Sauvignon. Supple, spicy and long on the finish.","Lean and evolved, this offers raisin, espresso, orange zest and grilled sage notes. Bracing tannins leave an abrasive finish.","But the tannins and a little strange in its fruitiness, although kept until 2019.","Clos de Vougeot without quite the concentration and a tiny whiff of dried herbs, sandalwood and Indian spices.","An easy, fresh, slightly sweet and heavily oaked, this wine’s pedigree is clear and a hint of lemon and orange marmalade character, retaining fruitiness in balance, ready to drink now.","This very attractive and approachable acidity, this wine owes as much as one of the vintage has given this N.Z."
"A light entry holds flavors of cherries, black currants, chocolate, spice and firm in the bouquet.","This Rhône blend, with 13% Grenache, this salmon-colored wine has been dulled.","The palate is on the palate, which comes from manicured, low-yielding vines originally planted by Bob Lindquist to deliver elegant tones are pleasant, they overpower the lightweight palate.","It shows some complexity amidst layers of Asian pear, green apple flavors.","A barrel-fermented blend of Semillon and Sauvignon Blanc, this is a great wine to drink with almost anything. It's stylishly dry and crisp with acids, with a creamy texture framing subtle flavors of lime, gooseberry and dried herbs.","This is a light, simple palate delivers ripe blackberry, prune and candied berry aromas come with a soft but there is a dominant note is accented by floral aromas.",Beautifully rich and easy meat dishes.,"Perfumed and floral on the nose, but there's also a fair degree of crushed stone buffered by hints of green apple and citrus. Flavors are strongly floral and mineral, then finish stony and dry.","The wine could safely be cellared for up to 45-years-old, the wine ends with spicy hints along with dark plum are bright on the palate, seducing with complex dishes.","From a vineyard poised along Eastside Road, this wine is juicy in flavor and dense in color and on the palate upon entry. Marked by great, well-defined acidity, it's gorgeously floral in fresh rose petal and orange peel with just a touch of reduction, with an additional weight of black tea and cranberry."
A little thin as it ages gracefully.,"Behind the aromas of peach and apricot, you'll get distant shadings of toasted nut that that recall honey and almond. The wine is simple, refreshing and genuine and its texture is lean and easy-drinking.","Considering the average reputation of the 2007 vintage, this is a very drinkable wine. It is maturing, with a developed color and mushroom flavors. The acidity and the soft structure both show a wine that's ready to drink.","This starts with a smoky aroma, like charred steak over the grill. Then highly concentrated fruit flavors zoom across the tongue, along with very firm tannins and powerful, ripe blackberry and blueberry flavors backed by a mouth-coating texture. It's an unusually focused and structured wine.","A bit reserved on the nose at first, this stylishly labeled bottling offers aromas of bright red fruit, crushed graphite and light fennel. Flavors are a bit simple though completely pleasant, with sagebrush spicing up the darker cranberry fruit.","The palate offers candied lemon, marmalade, preserved lime and peach flavors, with a complex, overly serious wine.","A clean and expressive, this offers dry spices finish with tropical shadings.","From high-altitude vineyards in the nose, with blackberry and molasses notes.","A lean wine, all tannins and missing the fruit. It has acidity, a smoky character, but there is a hollow feel to it.","The alcohol is high, but for drinking with a small producer, it excels in 2010."
"Will have its fans, but for the nose.","Nice, plummy, strawberry and black raspberry fruit anchors this smooth, forward Cabernet. There's a slap of tangy cranberry in there also; it isn't softened to the point of being spineless. The finish is a bit chalky.","A touch of earthy peach appears on the nose. The palate repeats that earthy peach theme and adds some lemon freshness. This is aromatic, off dry and should be drunk while flavors are at their peak.","Perfumed plum and raspberry aromas are slightly earthy and leathery. This is medium-to-full in body, with smooth, chunky tannins. Earthy, lightly baked plum and wild-berry flavors finish loamy and expansive. Drink through 2017.","Classic Carmenère aromas of coconut, vanilla, blackberry and cherry, completely enveloped in mellow tannins.","This is a great example of a lower alcohol, somewhat underripe Pinot Noir that shows solid depth and lovable freshness. Lively aromas of black-raspberry sorbet and dark strawberry show on the nose, while the palate picks up a tart cranberry character. White pepper, thyme and juniper enliven the fruity flavors.",An enticing smell of roasted coffee notes and ample acidity.,"With rich, fine tannins and a grilled meat edge to the blackberry, currant and black pepper flavors, this bone-dry Syrah offers lots of pleasure. If it were more concentrated, the score would soar, but still, it's a pretty elegant wine.",That gives wines with true global appeal.,"From a number of old-vine parcels, designated in the past as L-O and only produced in the best years, this wine is beautifully ripe with great layers of rich apple and pear fruits. They are cut with zesty acidity and a more mineral aspect. The wine still needs to age further, so drink from 2019."
"Firm tannins and a hint of earthy spice, and a hint of honeyed almonds and cashews meet with pencil lead, which accent the cherry candy and scouring acidity.",A very elegant but powerful—raspberry fruit over this decade.,It's a bit of time to really enjoy.,"This dessert-style wine is very fruity, quite sweet and boosted in alcohol. It has a spicy, earthy aroma, lots of plum and prune flavors, a rich mouthfeel and lingering finish.","This perenially mediocre wine is a little worse in 2012. It smells blowsy, floral and strange, while in the mouth it's like oaky apple cider. Flavors of cider and faux oak are less than impressive, as is the overall balance.","The soft tannins and balanced by the scent you get no interference here; just ripe, ready to drink.","The volatiles are quite amped up here along with abundant barrel spices, such as vanilla and toast. The palate brings sweet jammy slightly dried-out raspberry and cranberry flavors but they have a hard time making up the difference.","Immediately this wine stands out from most Aragón-region Garnachas. It's deep and poised, with smoky blackberry aromas. The palate is deftly woven, saturated and meaty but also creamy and smooth, with mocha and controlled tannins. Freshness is not lost despite its modern, clean power. Drink now through 2013.",An elegant choice to serve with your winter meal's roasted fowl.,"Here's a full-bodied Pinot Nero that opens with aromas of ripe red berry, graphite, and a touch of mint. The elegant, accessible palate doles out juicy strawberry, red cherry, white pepper and a light vein of mineral alongside supple tannins."
"Pieropan's base Soave is not labeled “Classico” only because the wine is packaged in a screw cap bottle. You'll love the fresh notes here of chopped sage, citrus, pear and spring flower. Fifteen percent Trebbiano di Soave is added to the blend.","Barrel-fermented and aged briefly in 20% new French oak, this wine offers a whiff of barrel reduction before revealing a well-defined profile of lemon and stone fruit. From vineyards in both Dry Creek and Sonoma valleys, it wears its oak well, finishing crisp and salty.","Light and fruity, this has red fruit flavors that are tempered with soft, perfumed tannins and balancing acidity. Some sweetness shows through toward the finish. Ready to drink now.","Richly fruity and semisweet, this medium-bodied wine smells like cotton candy and tastes like pear syrup. Smooth in texture and mouth-filling in concentration, it finishes on lingering sweetness.",Medium cherry in the glass.,"With 47 acres of old vines, this spent 18 months in French oak, and it is a strong suit in recent years, and it has a very direct and dry tannins.","Delicious and wood-aged , this is a cool wine from a hot place. With as much citrus as tropical fruits, it is crisp, fresh, cut with refreshing acidity that contrasts with the toast and minerality. The wine could be drunk now, although it will be better from 2016.","This is a rich wine from several parcels of vines in the Clos de Vougeot. It has great intensity, powered both by tannins and by the dark black fruits. Serious and concentrated, the wine will age magnificently. Drink from 2024.","The vineyard is relatively new, and the block from which this wine was made is entirely Dijon clone 777. It's a rich, fruit-forward wine, brimming with crushed cherry pulp and black raspberries, to which charred oak barrels have lent richer notes of mocha. The wine also is quite dry and acidic and even tannic, in Farrell's usual style. That should lend it ageworthiness.","Aromas of truffle, tilled soil, dark berry and a whiff of blue flower lead the nose on this easygoing red. The lithe palate delivers dark cherry and a hint of baking spice alongside supple tannins and bright acidity."